{
  "train_loss": [
    3.563051243280542,
    1.4899404192792958,
    1.7339596553095455,
    1.1825013859518643,
    0.9758295118808746,
    0.981652699667832,
    1.0126505000837918,
    1.3100771400435218,
    0.9116533372936577,
    0.6159608862523375,
    0.434702597815415,
    0.44039403081967915,
    0.5205956391412122,
    0.48404552659084055,
    0.3733051000484105,
    0.4082219086844346,
    0.3255799895730512,
    0.3624101624149701,
    0.32404835984624664,
    0.3127023200022763,
    0.3494792364794633,
    0.32009818867362777,
    0.28682222782537853,
    0.24915114970042787,
    0.2893148462834029
  ],
  "train_acc": [
    38.604651162790695,
    55.116279069767444,
    56.51162790697674,
    61.395348837209305,
    68.13953488372093,
    67.44186046511628,
    67.90697674418605,
    62.55813953488372,
    73.48837209302326,
    78.37209302325581,
    83.02325581395348,
    83.48837209302326,
    81.16279069767442,
    81.62790697674419,
    86.74418604651163,
    85.11627906976744,
    89.76744186046511,
    86.97674418604652,
    88.37209302325581,
    88.6046511627907,
    87.44186046511628,
    88.37209302325581,
    90.93023255813954,
    92.09302325581395,
    91.3953488372093
  ],
  "val_loss": [
    0.49490047100840545,
    0.4350509694436701,
    1.9388993324303045,
    0.6150766314893235,
    0.7775052218902402,
    0.640690317241157,
    1.290730695172054,
    0.6063530183419948,
    0.5433187504730573,
    0.7388238125457997,
    0.6962569597654227,
    0.5935124325134405,
    1.1337647866912004,
    0.7377650319803052,
    0.5309513302111044,
    0.5885575675382847,
    0.8628539635640818,
    0.49393835954549836,
    0.5778760484805922,
    0.4486201072974903,
    0.3972108893823333,
    0.5427267360614567,
    0.4272162266439054,
    0.5261117147236336,
    0.5450158339084649
  ],
  "val_acc": [
    90.08130081300813,
    87.96747967479675,
    36.422764227642276,
    78.04878048780488,
    75.28455284552845,
    81.13821138211382,
    60.0,
    87.96747967479675,
    80.97560975609755,
    74.79674796747967,
    77.88617886178862,
    82.11382113821138,
    61.951219512195124,
    76.42276422764228,
    83.41463414634147,
    80.16260162601625,
    72.6829268292683,
    83.41463414634147,
    81.30081300813008,
    85.36585365853658,
    87.8048780487805,
    82.76422764227642,
    86.17886178861788,
    82.27642276422765,
    81.95121951219512
  ]
}