{
  "train_loss": [
    1.8935371528972278,
    1.6961603598161177,
    1.6489231152967974
  ],
  "train_acc": [
    29.696969696969695,
    34.84848484848485,
    33.93939393939394
  ],
  "val_loss": [
    1.269268786034933,
    1.2512618448676132,
    1.2116085290908813
  ],
  "val_acc": [
    75.60975609756098,
    65.6910569105691,
    69.26829268292683
  ]
}