{
  "train_loss": [
    0.7320870222015814,
    0.4800834432244301,
    0.4642671501481688
  ],
  "train_acc": [
    86.685667752443,
    90.63517915309447,
    90.63517915309447
  ],
  "val_loss": [
    0.5096098195761443,
    0.49260911270976065,
    0.47921514958143235
  ],
  "val_acc": [
    90.73170731707317,
    90.73170731707317,
    90.73170731707317
  ]
}