{
  "train_loss": [
    3.0972213601243905,
    1.9032267619823586,
    1.6554529214727467,
    1.3837297086057991,
    1.5322582423686981,
    1.1286032086816327,
    1.0535306540028802,
    1.2897185508547158,
    1.2721571480405742,
    0.9013375701575443,
    0.8971264038620324,
    0.9115280663145,
    0.9797847486775497,
    0.7582377837649708,
    0.7090100733370617,
    0.6774173738627598,
    0.5982329115785402,
    0.6625937043592848,
    0.7820318942439968,
    0.7647766373280821,
    0.5150908373039345,
    0.5441920284567208,
    0.5545931687128955,
    0.4414169056148365,
    0.47411368787288666
  ],
  "train_acc": [
    37.2093023255814,
    48.372093023255815,
    55.348837209302324,
    61.395348837209305,
    59.53488372093023,
    65.81395348837209,
    68.13953488372093,
    63.95348837209303,
    66.27906976744185,
    71.16279069767442,
    70.23255813953489,
    70.93023255813954,
    72.55813953488372,
    74.65116279069767,
    74.18604651162791,
    75.34883720930233,
    80.46511627906976,
    76.27906976744185,
    75.11627906976744,
    76.27906976744185,
    82.55813953488372,
    81.62790697674419,
    78.6046511627907,
    84.65116279069767,
    83.72093023255815
  ],
  "val_loss": [
    1.609905020492833,
    0.4929441831460813,
    1.0576020362900524,
    0.4346627691737944,
    0.8043746995489772,
    0.537215092923583,
    0.3801292832486513,
    0.8596544981729694,
    1.2245114067705667,
    0.46335609875074246,
    0.7223265718941282,
    0.4620786112074445,
    0.8314551249509905,
    0.6486362211587953,
    0.731413104185244,
    0.5976187339643153,
    0.5825044699921841,
    0.4824267358678143,
    0.7084559414808344,
    0.5301391823989589,
    0.7526659205919359,
    0.3734804141539626,
    0.5514841939254504,
    0.47301587221644276,
    0.5181657306668235
  ],
  "val_acc": [
    46.99186991869919,
    85.85365853658537,
    64.8780487804878,
    89.91869918699187,
    74.79674796747967,
    83.57723577235772,
    89.4308943089431,
    71.21951219512195,
    61.6260162601626,
    86.66666666666667,
    80.32520325203252,
    87.3170731707317,
    74.47154471544715,
    78.21138211382114,
    78.3739837398374,
    82.11382113821138,
    83.2520325203252,
    85.52845528455285,
    81.78861788617886,
    83.73983739837398,
    76.91056910569105,
    89.10569105691057,
    83.57723577235772,
    85.6910569105691,
    83.57723577235772
  ]
}